<Project Sdk="Microsoft.NET.Sdk.Web">

  <PropertyGroup>
    <TargetFramework>net6.0</TargetFramework>
    <RootNamespace>TaskManagementSystem</RootNamespace>
  </PropertyGroup>

  <ItemGroup>
    <Compile Include="Client.fs" />
    <Compile Include="Site.fs" />
    <Compile Include="Startup.fs" />
  </ItemGroup>

  <ItemGroup>
    <PackageReference Include="WebSharper" Version="5.0.0" />
    <PackageReference Include="WebSharper.UI" Version="5.0.0" />
    <PackageReference Include="WebSharper.UI.Templating" Version="5.0.0" />
  </ItemGroup>

</Project>